CREATE TABLE Students(
    SID INTEGER PRIMARY KEY,
    Name VARCHAR(20) NOT NULL,
    Major VARCHAR(20)
);

CREATE TABLE Projects(
    PID INTEGER PRIMARY KEY,
    P_Name VARCHAR(20) UNIQUE NOT NULL
);

CREATE TABLE Courses(
    CID INTEGER PRIMARY KEY,
    C_Name VARCHAR(20) UNIQUE NOT NULL
);

CREATE TABLE Members(
    PID INTEGER NOT NULL,
    SID INTEGER NOT NULL,
    FOREIGN KEY (PID) REFERENCES Projects(PID),
    FOREIGN KEY (SID) REFERENCES Students(SID)
);

CREATE TABLE Enrollments(
    CID INTEGER NOT NULL,
    SID INTEGER NOT NULL,
    FOREIGN KEY (CID) REFERENCES Courses(CID),
    FOREIGN KEY (SID) REFERENCES Students(SID)
);


-- University Data
INSERT INTO Students(SID, Name) VALUES (1, 'Alice');
INSERT INTO Students(SID, Name) VALUES (2, 'Bob');
INSERT INTO Students(SID, Name) VALUES (3, 'Charlie');
INSERT INTO Students(SID, Name) VALUES (4, 'David');

INSERT INTO Projects VALUES (1, 'Project 1');
INSERT INTO Projects VALUES (2, 'Project 2');

INSERT INTO Courses VALUES (1, 'EECS482');
INSERT INTO Courses VALUES (2, 'EECS483');
INSERT INTO Courses VALUES (3, 'EECS484');
INSERT INTO Courses VALUES (4, 'EECS485');
INSERT INTO Courses VALUES (5, 'EECS280');

INSERT INTO Members VALUES (1, 1);
INSERT INTO Members VALUES (1, 2);
INSERT INTO Members VALUES (2, 3);
INSERT INTO Members VALUES (2, 4);

INSERT INTO Enrollments VALUES (1, 2);
INSERT INTO Enrollments VALUES (2, 2);
INSERT INTO Enrollments VALUES (3, 2);
INSERT INTO Enrollments VALUES (4, 2);
INSERT INTO Enrollments VALUES (3, 4);
INSERT INTO Enrollments VALUES (4, 4);
INSERT INTO Enrollments VALUES (5, 2);
INSERT INTO Enrollments VALUES (5, 4);